client_identifier,email,country,bitcoin_address,credit_card_type
18,rdrinanh@odnoklassniki.ru,united kingdom,1ErM8yuF3ytzzxLy1uPvQuRveLBygxN15x,china-unionpay
32,wbamfordv@t-online.de,united kingdom,12sxmYnPcADAXw1YkxdapRsft2PwHZke7A,maestro
33,swestallw@blinklist.com,united kingdom,1GZ7QB7GUFSWnkBHmsj4C4EZYMWni6BVn4,mastercard
34,erosengrenx@usatoday.com,united kingdom,12o8zrHx6snCPbtkoD9im4ozBtNkHRjeRV,visa-electron
36,dbuckthorpz@tmall.com,netherlands,15X53Z9B9jUNrvFpbr7D554uSc5RL7Pnkg,diners-club-international
62,bbarham1p@wisc.edu,netherlands,16qpYVt6YAAx4JYjzbA8SwTUHoTyB4twRF,jcb
67,lbeavors1u@technorati.com,united kingdom,12ya1ED93ApPBQRSCuqiehip8KfPEzXYaj,bankcard
70,fdresse1x@bloglines.com,united kingdom,1F8zXTEaf4AFpztMNzQZfo5NUreptaArTD,mastercard
91,aeplate2i@webeden.co.uk,united kingdom,19MZSy1H8S4SaXsmSc3n7AaL2GxQkQkEZx,diners-club-carte-blanche
105,linfante2w@telegraph.co.uk,netherlands,13j6FKzrLgumLUqeYH4baeY5qZgiwGW5UC,jcb
108,rpartkya2z@cdc.gov,netherlands,1RcsodKknm8thkCL6F4Vcmo7f4A7r6ydj,maestro
109,mdory30@uiuc.edu,netherlands,1HxV2jkyM3PXbsH4qGsVX3hwcAb4SMi4AD,jcb
110,rswindle31@tmall.com,netherlands,15cRJ4mzZd4Vgd33xbVjEtYw9c6f1WfGkC,china-unionpay
124,wdarco3f@geocities.com,netherlands,1CB7AdhTFBXmxuABm58yKmCmsvVqDjT9P1,maestro
128,vnapthine3j@ning.com,netherlands,16DbYq1KR8DVSQu5E9WU9ohuofBm5AHB2Q,diners-club-enroute
165,hheinecke4k@altervista.org,netherlands,1KgbP1KXt5xs2sBLudwt7SZM14NZXN2yNd,jcb
177,awissbey4w@geocities.jp,united kingdom,1AJzqEgbbFh2TNLFZrWp1XgCY16gQQ3pBe,americanexpress
189,etsar58@ovh.net,netherlands,1PktCHyic9G4aZu15Dd3N1PUf45wW4MmFs,jcb
194,igreated5d@live.com,netherlands,12KTfvJwTfnJn3dFtZ8KaLycn5noXetTFo,jcb
197,pvolette5g@ask.com,united kingdom,1Q6UV84patYXfzEdAabyanzRe4cpNHdfkC,diners-club-enroute
199,esurcombe5i@bigcartel.com,united kingdom,1GYuD7hkkRkCeVcx9tMXzQ1LwfAUcHUQfN,jcb
239,hgolley6m@nydailynews.com,netherlands,19KrAve717pGFqYLiQvw63yV3Ar6XabJhD,mastercard
248,mbrewer6v@facebook.com,netherlands,16WS73NGVmHfpuWqPkEjN9pirzG9qkgvPJ,americanexpress
255,jknowler72@nba.com,netherlands,1JtjCw3Nj42ZPgeFkgFJAPcVCyvt4sMLPh,jcb
293,lropartz84@meetup.com,netherlands,1PJgSoTde2rSpfYRYpied1y35KVke7kvXo,jcb
294,lmacaskie85@sina.com.cn,united kingdom,1DNGHS7oy3K38AnzdAUt8sDw2Dc4WWCj3e,maestro
296,hmcpake87@bravesites.com,netherlands,1A3rYCZeBfy1V1W3ypcfVdZm6TCU3TFkLv,jcb
299,cantunez8a@booking.com,netherlands,1C74dmFYGZiSzsZH6Lw41bWCu8U3mTvcth,diners-club-carte-blanche
326,calred91@ted.com,netherlands,16tRkPChNu4RTqJ7tkZa52os2HZvh2hjif,americanexpress
329,mnurny94@wikia.com,united kingdom,18nNxGMaqhqrt4sZs5h3fQDDLpJL5wopFy,solo
345,tcosten9k@unc.edu,united kingdom,17AGnU1HVmvAt8gwZ4PoF8bGiPS4ARbRxi,jcb
354,wochterlonie9t@ebay.com,netherlands,16Q23WzZFnnADqSq9z2oRDJZE7SJ2bFHrS,diners-club-carte-blanche
360,bdebeauchemp9z@imageshack.us,netherlands,1DTzwp1kZCBx9FED2678d5g5ArrefirrXW,laser
367,mmaghulla6@dmoz.org,netherlands,1FCv1LeZu798EhajuFMZg49zb5D7KTMZWE,mastercard
379,tjahnelai@bbb.org,netherlands,1HZN5ZVgPqK1iVLKVMxH658kZ3pBDBcEw,jcb
390,lblydeat@senate.gov,united kingdom,1FpFASo8TTHYuefzybjiNyDfuaFmBGoGwn,jcb
406,jwhitbreadb9@accuweather.com,netherlands,1BbeY2TE3u7ARieG5FKuSZzbLFHyBkFoQF,americanexpress
414,jgammonsbh@goo.ne.jp,united kingdom,14mRf7cFYsFjerWYsVWEvGN2zRM7tsLVpT,jcb
436,pomannionc3@yandex.ru,netherlands,1xVt3FxfHQvzXPhXVp6VRSEydUUVzRWK7,laser
450,awarringtonch@sogou.com,netherlands,15wYxjYgszjPnSwa4b3nvkdLfdBMTprQ9y,mastercard
462,nfitzalanct@japanpost.jp,netherlands,13FaRnAGPb53jC6cw4dQF5qM8XTGRWrY6s,americanexpress
467,aanderercy@ameblo.jp,netherlands,1HHBi9Yt592V74bU5PihuSGekNhGzNGaAw,solo
482,vclarisdd@aol.com,united kingdom,1477584qcLw6e2TntjCVBXJAwnS5tUTQJb,visa-electron
486,hpechdh@blogs.com,netherlands,1CUeR37xJkVY9jVoAh9UYJc4c85RpnNcmD,diners-club-enroute
508,csaltsbergere3@netlog.com,united kingdom,1N4UFev4krTiWmC1Sbygy1NdxrJxMDsm6D,switch
513,fcicceralee8@vk.com,netherlands,18zM2XeTncgJJTm14LDhWbMeUE3nvA8NoD,jcb
514,meliee9@angelfire.com,netherlands,191c14CjzgK9DZGE9viRPMyGDqhc2oR46F,mastercard
529,chardikereo@posterous.com,netherlands,14TyQs6ta2MhC2erewxosQTjmrvn2P4Gzo,jcb
548,lfeatherstonehaughf7@dagondesign.com,united kingdom,1482bkXGupDD66ypoGjdVuewXr3BaK51fE,switch
577,ccolqueteg0@jiathis.com,netherlands,12EgsYruxuyrwHi6bDC9FXqzGAmuUawHKH,jcb
582,lsneezumg5@virginia.edu,united kingdom,18rq3Gymm7G1gaSLarTBvigCCd1UAmWQP7,mastercard
601,pkynclgo@miibeian.gov.cn,united kingdom,14GghoTqBDngp1V9PjrdPakZnNZi8VZ8F6,jcb
605,kcahengs@bloglines.com,netherlands,1EMUu7w62n5GzRTZ4ZGTUKMwLppUyrD2Pw,visa
616,dgwilth3@mapquest.com,netherlands,1H168tEGqoEeeNDaWmNjyEiubqTz3ZdoKG,jcb
621,mhainsh8@parallels.com,netherlands,1MdkbruxnQR61UYstTpKsoqP3fUziVQwei,switch
627,edaenshe@si.edu,united kingdom,1HBMpsqrFAcMedVt1kUwzvxjtVcExbiAdV,mastercard
628,ccasseldinehf@kickstarter.com,netherlands,14EWQTXkWhfiQKkKn5JuD5h3EqzLatXbsQ,jcb
643,penglishhu@google.com.hk,netherlands,1BqmYwtSwbG8qWUJyqn8TQPB4pWXAx3jMa,jcb
656,gshirdi7@baidu.com,netherlands,1PUPePBi6wUMGZomfTqcXojjwYQk7Ha2cu,mastercard
665,rklampig@mapquest.com,united kingdom,12SF66BTEEAYca9V2JFcty3WmsSksTTsSN,jcb
691,bkidstounj6@senate.gov,netherlands,1BMrJy7Ac4pAyq8ciBFfGhATAgcHXaPb6P,jcb
701,nwhittersjg@networkadvertising.org,netherlands,1Jb4hNfMJy5g4hPtT8kQQ4bbhGdwTbnmjp,jcb
706,swaddilovejl@yahoo.com,united kingdom,1HHENRw3k9UaA8uVEKnT5dc46jaQcHwiLf,visa
711,cguesfordjq@blogs.com,netherlands,1HsSjH6FpNqbFRckMitfzzPMvXiKHDDL3p,jcb
726,sbarltropk5@cargocollective.com,netherlands,13LecqUHZxxptc47RXRDcvhDgQHwxqTKVV,solo
733,fdaulbykc@cocolog-nifty.com,united kingdom,1MJkvsA6ebFvXFasuJxZvfKNBReLTsA3Kr,jcb
749,mbellenyks@salon.com,netherlands,17qnQP62quZFAzU7QXFpHjMugPcFyoMXHm,bankcard
751,callibandku@scribd.com,netherlands,16pUgN3CTqFCLB2pmBSUjoxyZEreQu4AvB,jcb
755,krangerky@apple.com,netherlands,13MLLGGZBp6y24hg13bFA8org9qwwup2fK,americanexpress
760,sbathaml3@twitter.com,netherlands,1PapZUVtXEaqD14JtSUhhZcPWR61aNK9kS,jcb
766,afaulkesl9@narod.ru,united kingdom,1MMDugKsUTFEyrTGnoUQrcFCHARHkggVAw,diners-club-enroute
774,parrighettilh@sogou.com,netherlands,1Myco7rqZBPkR5XdyfqkPot9aPPvJvFZS9,switch
781,dillingsworthlo@geocities.com,united kingdom,16kmMSiv2d6K4VEat2VN1ifv3JhotXKMK6,jcb
785,mdenajerals@sourceforge.net,netherlands,12N2XC2Mxzu6eLd2CTQkS8NKtdYTXvr2kS,switch
788,cbickelllv@cbc.ca,united kingdom,16DZD1xnSSbwAm1mbLYJSp56d7Z1TEofZD,maestro
798,jhugninm5@ocn.ne.jp,netherlands,15tgDNJrxLs78sVijcBeCriRURp24JDqB9,jcb
803,rdoddma@slashdot.org,united kingdom,1Croxyx7soHCoDY5Q1ta5Wq9CuY7tK4aGV,mastercard
812,pshortenmj@vimeo.com,netherlands,1Mr6usqpuYeS431Vzycq8GpwuMCipdP3mw,jcb
837,ydowningn8@fastcompany.com,netherlands,1E7ZJuTeuSG8Sj4ocNWMymJLERfD1qDYA7,jcb
845,omockettng@redcross.org,netherlands,18UeESWffKqdqg23yfZfZcYAkPVT6cmuD6,laser
848,rlampenj@istockphoto.com,united kingdom,1CMFYs2K4EyHecdw7Z3oT6a56iVaKG1bM5,visa
862,pmazellanx@cocolog-nifty.com,netherlands,1GcWp25A1odq7XCoG6HyiCJ2UYDREWrgVP,solo
864,llamartinenz@kickstarter.com,united kingdom,13B25YDx2MSG2sUietvwkxzpov4XpDjqwC,jcb
873,lmcgillivrieo8@columbia.edu,netherlands,1N75fjtmFdQJmMpacg4oUdt7cWYJXpdKD1,china-unionpay
881,pfenechog@de.vu,netherlands,16y7pXoKxg3WrBumhLPq3JoTjhCNtCgEMq,solo
894,mcicconeot@mac.com,netherlands,1HTBF19dSGssNoC8VWcv3BWbBpi7jYvEZd,switch
910,gtremeerp9@themeforest.net,united kingdom,15Bowgs1P3hPwXvhfLCQEftuDmXG5Rfz71,visa-electron
914,qwellesleypd@forbes.com,netherlands,16FJCTiriaZCgyfnWCiJnua1Bka3aBjgrt,jcb
924,jbootlandpn@nbcnews.com,united kingdom,1GxYQAdNCqqnxJckfxnMapSaXrD7ktkHFv,diners-club-enroute
928,cmulvanypr@etsy.com,united kingdom,16J36sqG4rFfabKcwBoxApRuEQUT3T9JPg,china-unionpay
942,dcrepinq5@wisc.edu,netherlands,1JK5tVtebu1Dd2gAXcTaS1UCB5BMGijuqa,jcb
947,jmuntqa@scribd.com,united kingdom,1BJQYwAftZ3UJJpRAERDCcgAkrUZNH6D7g,visa-electron
952,cgomerqf@a8.net,united kingdom,18xzobimRTpaiVjfBajSGaG7JpZeGjzfug,mastercard
954,rizkovitzqh@thetimes.co.uk,netherlands,1MQGXo6xCKnPkRfTyjUyrQ2b4DtxxgoKyG,jcb
964,atartqr@miitbeian.gov.cn,netherlands,1HWtSdZgMPTEdzHTAhmnAcFHf3MTasz7zE,diners-club-carte-blanche
966,lmacallesterqt@omniture.com,united kingdom,18Mxz7iRKxcGqUyYprSWBEHPpRc5HPdAKa,bankcard
972,abambqz@alexa.com,united kingdom,1HkNSAP8Jm58DBiboFDsv916XJCYsfLrdg,jcb
981,gschurcker8@army.mil,netherlands,19158kwDCddVMpQPUKdLz33yfks1cKbKPE,diners-club-carte-blanche
984,btodeorb@discuz.net,netherlands,1LCEj6JuVMjBt6wstfNCofLwWgsgm99NMZ,visa-electron
996,cbossonsrn@skype.com,united kingdom,1DVbpgQBtf9ouzcCZoWmzLLXRXR56HMQva,jcb
